Fold,ROC-AUC,Precision,Recall,F1-Score,Accuracy
1,0.9868326900575332,0.9998307829912733,0.9144373203625912,0.9552293959375037,0.9571412779128897
2,0.9865354166169794,0.9998308075314819,0.9145901965553075,0.955312810327706,0.9572181872450503
3,0.9867457066825193,0.9997819714624869,0.9124676645515045,0.9541314098118093,0.9561348235112039
4,0.9871970218990282,0.9999516054879377,0.9136634976785319,0.9548621139826935,0.9568091621618634
5,0.9870734059964688,0.9998546722860049,0.9126685827990272,0.9542743538767396,0.9562674802949402
